[{
    "Client1": "Urban Population Growth (% total Population)",
    "Growth": "2.3379079247220598",
    "Year": 1960
}, {
    "Client1": "Urban Population Growth (% total Population)",
    "Growth": "2.5889237609997497",
    "Year": 1961
}, {
    "Client1": "Urban Population Growth (% total Population)",
    "Growth": "3.0468358314757205",
    "Year": 1962
}, {
    "Client1": "Urban Population Growth (% total Population)",
    "Growth": "3.06739024807622",
    "Year": 1963
}, {
    "Client1": "Urban Population Growth (% total Population)",
    "Growth": "3.0904921678980397",
    "Year": 1964
}, {
    "Client1": "Urban Population Growth (% total Population)",
    "Growth": "3.09257232741794",
    "Year": 1965
}, {
    "Client1": "Urban Population Growth (% total Population)",
    "Growth": "3.1003334488637",
    "Year": 1966
}, {
    "Client1": "Urban Population Growth (% total Population)",
    "Growth": "3.1112843822725402",
    "Year": 1967
}, {
    "Client1": "Urban Population Growth (% total Population)",
    "Growth": "3.12993557204584",
    "Year": 1968
}, {
    "Client1": "Urban Population Growth (% total Population)",
    "Growth": "3.16544295995371",
    "Year": 1969
}, {
    "Client1": "Urban Population Growth (% total Population)",
    "Growth": "3.21532800288001",
    "Year": 1970
}, {
    "Client1": "Urban Population Growth (% total Population)",
    "Growth": "3.4223404957641805",
    "Year": 1971
}, {
    "Client1": "Urban Population Growth (% total Population)",
    "Growth": "3.93938425288408",
    "Year": 1972
}, {
    "Client1": "Urban Population Growth (% total Population)",
    "Growth": "3.94776008844679",
    "Year": 1973
}, {
    "Client1": "Urban Population Growth (% total Population)",
    "Growth": "3.95411748845661",
    "Year": 1974
}, {
    "Client1": "Urban Population Growth (% total Population)",
    "Growth": "3.93139000490685",
    "Year": 1975
}, {
    "Client1": "Urban Population Growth (% total Population)",
    "Growth": "3.90659389660606",
    "Year": 1976
}, {
    "Client1": "Urban Population Growth (% total Population)",
    "Growth": "3.88534560246936",
    "Year": 1977
}, {
    "Client1": "Urban Population Growth (% total Population)",
    "Growth": "3.87260358077303",
    "Year": 1978
}, {
    "Client1": "Urban Population Growth (% total Population)",
    "Growth": "3.8721007414872903",
    "Year": 1979
}, {
    "Client1": "Urban Population Growth (% total Population)",
    "Growth": "3.88227620354262",
    "Year": 1980
}, {
    "Client1": "Urban Population Growth (% total Population)",
    "Growth": "3.6869734907651",
    "Year": 1981
}, {
    "Client1": "Urban Population Growth (% total Population)",
    "Growth": "3.2965654361537404",
    "Year": 1982
}, {
    "Client1": "Urban Population Growth (% total Population)",
    "Growth": "3.2869884574915",
    "Year": 1983
}, {
    "Client1": "Urban Population Growth (% total Population)",
    "Growth": "3.26217105559335",
    "Year": 1984
}, {
    "Client1": "Urban Population Growth (% total Population)",
    "Growth": "3.2225307324767702",
    "Year": 1985
}, {
    "Client1": "Urban Population Growth (% total Population)",
    "Growth": "3.1843848354746602",
    "Year": 1986
}, {
    "Client1": "Urban Population Growth (% total Population)",
    "Growth": "3.1436803885919304",
    "Year": 1987
}, {
    "Client1": "Urban Population Growth (% total Population)",
    "Growth": "3.10638291456523",
    "Year": 1988
}, {
    "Client1": "Urban Population Growth (% total Population)",
    "Growth": "3.0694408498718397",
    "Year": 1989
}, {
    "Client1": "Urban Population Growth (% total Population)",
    "Growth": "3.02523686434741",
    "Year": 1990
}, {
    "Client1": "Urban Population Growth (% total Population)",
    "Growth": "2.9367107953837",
    "Year": 1991
}, {
    "Client1": "Urban Population Growth (% total Population)",
    "Growth": "2.79576932101362",
    "Year": 1992
}, {
    "Client1": "Urban Population Growth (% total Population)",
    "Growth": "2.76131692107723",
    "Year": 1993
}, {
    "Client1": "Urban Population Growth (% total Population)",
    "Growth": "2.73300802438622",
    "Year": 1994
}, {
    "Client1": "Urban Population Growth (% total Population)",
    "Growth": "2.70460322807459",
    "Year": 1995
}, {
    "Client1": "Urban Population Growth (% total Population)",
    "Growth": "2.68456284431139",
    "Year": 1996
}, {
    "Client1": "Urban Population Growth (% total Population)",
    "Growth": "2.65792331377261",
    "Year": 1997
}, {
    "Client1": "Urban Population Growth (% total Population)",
    "Growth": "2.62680855213011",
    "Year": 1998
}, {
    "Client1": "Urban Population Growth (% total Population)",
    "Growth": "2.5897979694275",
    "Year": 1999
}, {
    "Client1": "Urban Population Growth (% total Population)",
    "Growth": "2.5486059908359797",
    "Year": 2000
}, {
    "Client1": "Urban Population Growth (% total Population)",
    "Growth": "2.63530453940731",
    "Year": 2001
}, {
    "Client1": "Urban Population Growth (% total Population)",
    "Growth": "2.8539049541200203",
    "Year": 2002
}, {
    "Client1": "Urban Population Growth (% total Population)",
    "Growth": "2.80848558470152",
    "Year": 2003
}, {
    "Client1": "Urban Population Growth (% total Population)",
    "Growth": "2.7671949337822794",
    "Year": 2004
}, {
    "Client1": "Urban Population Growth (% total Population)",
    "Growth": "2.7193441753608703",
    "Year": 2005
}, {
    "Client1": "Urban Population Growth (% total Population)",
    "Growth": "2.67624692340918",
    "Year": 2006
}, {
    "Client1": "Urban Population Growth (% total Population)",
    "Growth": "2.63619532581908",
    "Year": 2007
}, {
    "Client1": "Urban Population Growth (% total Population)",
    "Growth": "2.5933821032676203",
    "Year": 2008
}, {
    "Client1": "Urban Population Growth (% total Population)",
    "Growth": "2.54048916715852",
    "Year": 2009
}, {
    "Client1": "Urban Population Growth (% total Population)",
    "Growth": "2.48950144617754",
    "Year": 2010
}, {
    "Client1": "Urban Population Growth (% total Population)",
    "Growth": "2.44084537363039",
    "Year": 2011
}, {
    "Client1": "Urban Population Growth (% total Population)",
    "Growth": "2.4144944229070697",
    "Year": 2012
}, {
    "Client1": "Urban Population Growth (% total Population)",
    "Growth": "2.39226390054379",
    "Year": 2013
}, {
    "Client1": "Urban Population Growth (% total Population)",
    "Growth": "2.3827406675360097",
    "Year": 2014
}]