[{
    "Growth": "82.076",
    "Year": 1960,
    "Client": "Rural Population (% of total Population)"
}, {
    "Year": 1960,
    "Client": "Uraban Population (% of total Population)",
    "Growth": "17.924"
}, {
    "Growth": "81.968",
    "Year": 1961,
    "Client": "Rural Population (% of total Population)"
}, {
    "Year": 1961,
    "Client": "Uraban Population (% of total Population)",
    "Growth": "18.032"
}, {
    "Growth": "81.782",
    "Year": 1962,
    "Client": "Rural Population (% of total Population)"
}, {
    "Year": 1962,
    "Client": "Uraban Population (% of total Population)",
    "Growth": "18.218"
}, {
    "Growth": "81.595",
    "Year": 1963,
    "Client": "Rural Population (% of total Population)"
}, {
    "Year": 1963,
    "Client": "Uraban Population (% of total Population)",
    "Growth": "18.405"
}, {
    "Growth": "81.405",
    "Year": 1964,
    "Client": "Rural Population (% of total Population)"
}, {
    "Year": 1964,
    "Client": "Uraban Population (% of total Population)",
    "Growth": "18.595"
}, {
    "Growth": "81.215",
    "Year": 1965,
    "Client": "Rural Population (% of total Population)"
}, {
    "Year": 1965,
    "Client": "Uraban Population (% of total Population)",
    "Growth": "18.785"
}, {
    "Growth": "81.023",
    "Year": 1966,
    "Client": "Rural Population (% of total Population)"
}, {
    "Year": 1966,
    "Client": "Uraban Population (% of total Population)",
    "Growth": "18.977"
}, {
    "Growth": "80.829",
    "Year": 1967,
    "Client": "Rural Population (% of total Population)"
}, {
    "Year": 1967,
    "Client": "Uraban Population (% of total Population)",
    "Growth": "19.171"
}, {
    "Growth": "80.634",
    "Year": 1968,
    "Client": "Rural Population (% of total Population)"
}, {
    "Year": 1968,
    "Client": "Uraban Population (% of total Population)",
    "Growth": "19.366"
}, {
    "Growth": "80.438",
    "Year": 1969,
    "Client": "Rural Population (% of total Population)"
}, {
    "Year": 1969,
    "Client": "Uraban Population (% of total Population)",
    "Growth": "19.562"
}, {
    "Growth": "80.24",
    "Year": 1970,
    "Client": "Rural Population (% of total Population)"
}, {
    "Year": 1970,
    "Client": "Uraban Population (% of total Population)",
    "Growth": "19.76"
}, {
    "Growth": "80.009",
    "Year": 1971,
    "Client": "Rural Population (% of total Population)"
}, {
    "Year": 1971,
    "Client": "Uraban Population (% of total Population)",
    "Growth": "19.991"
}, {
    "Growth": "79.679",
    "Year": 1972,
    "Client": "Rural Population (% of total Population)"
}, {
    "Year": 1972,
    "Client": "Uraban Population (% of total Population)",
    "Growth": "20.321"
}, {
    "Growth": "79.347",
    "Year": 1973,
    "Client": "Rural Population (% of total Population)"
}, {
    "Year": 1973,
    "Client": "Uraban Population (% of total Population)",
    "Growth": "20.653"
}, {
    "Growth": "79.009",
    "Year": 1974,
    "Client": "Rural Population (% of total Population)"
}, {
    "Year": 1974,
    "Client": "Uraban Population (% of total Population)",
    "Growth": "20.991"
}, {
    "Growth": "78.668",
    "Year": 1975,
    "Client": "Rural Population (% of total Population)"
}, {
    "Year": 1975,
    "Client": "Uraban Population (% of total Population)",
    "Growth": "21.332"
}, {
    "Growth": "78.323",
    "Year": 1976,
    "Client": "Rural Population (% of total Population)"
}, {
    "Year": 1976,
    "Client": "Uraban Population (% of total Population)",
    "Growth": "21.677"
}, {
    "Growth": "77.974",
    "Year": 1977,
    "Client": "Rural Population (% of total Population)"
}, {
    "Year": 1977,
    "Client": "Uraban Population (% of total Population)",
    "Growth": "22.026"
}, {
    "Growth": "77.621",
    "Year": 1978,
    "Client": "Rural Population (% of total Population)"
}, {
    "Year": 1978,
    "Client": "Uraban Population (% of total Population)",
    "Growth": "22.379"
}, {
    "Growth": "77.264",
    "Year": 1979,
    "Client": "Rural Population (% of total Population)"
}, {
    "Year": 1979,
    "Client": "Uraban Population (% of total Population)",
    "Growth": "22.736"
}, {
    "Growth": "76.902",
    "Year": 1980,
    "Client": "Rural Population (% of total Population)"
}, {
    "Year": 1980,
    "Client": "Uraban Population (% of total Population)",
    "Growth": "23.098"
}, {
    "Growth": "76.583",
    "Year": 1981,
    "Client": "Rural Population (% of total Population)"
}, {
    "Year": 1981,
    "Client": "Uraban Population (% of total Population)",
    "Growth": "23.417"
}, {
    "Growth": "76.353",
    "Year": 1982,
    "Client": "Rural Population (% of total Population)"
}, {
    "Year": 1982,
    "Client": "Uraban Population (% of total Population)",
    "Growth": "23.647"
}, {
    "Growth": "76.121",
    "Year": 1983,
    "Client": "Rural Population (% of total Population)"
}, {
    "Year": 1983,
    "Client": "Uraban Population (% of total Population)",
    "Growth": "23.879"
}, {
    "Growth": "75.887",
    "Year": 1984,
    "Client": "Rural Population (% of total Population)"
}, {
    "Year": 1984,
    "Client": "Uraban Population (% of total Population)",
    "Growth": "24.113"
}, {
    "Growth": "75.652",
    "Year": 1985,
    "Client": "Rural Population (% of total Population)"
}, {
    "Year": 1985,
    "Client": "Uraban Population (% of total Population)",
    "Growth": "24.348"
}, {
    "Growth": "75.415",
    "Year": 1986,
    "Client": "Rural Population (% of total Population)"
}, {
    "Year": 1986,
    "Client": "Uraban Population (% of total Population)",
    "Growth": "24.585"
}, {
    "Growth": "75.177",
    "Year": 1987,
    "Client": "Rural Population (% of total Population)"
}, {
    "Year": 1987,
    "Client": "Uraban Population (% of total Population)",
    "Growth": "24.823"
}, {
    "Growth": "74.937",
    "Year": 1988,
    "Client": "Rural Population (% of total Population)"
}, {
    "Year": 1988,
    "Client": "Uraban Population (% of total Population)",
    "Growth": "25.063"
}, {
    "Growth": "74.695",
    "Year": 1989,
    "Client": "Rural Population (% of total Population)"
}, {
    "Year": 1989,
    "Client": "Uraban Population (% of total Population)",
    "Growth": "25.305"
}, {
    "Growth": "74.453",
    "Year": 1990,
    "Client": "Rural Population (% of total Population)"
}, {
    "Year": 1990,
    "Client": "Uraban Population (% of total Population)",
    "Growth": "25.547"
}, {
    "Growth": "74.222",
    "Year": 1991,
    "Client": "Rural Population (% of total Population)"
}, {
    "Year": 1991,
    "Client": "Uraban Population (% of total Population)",
    "Growth": "25.778"
}, {
    "Growth": "74.016",
    "Year": 1992,
    "Client": "Rural Population (% of total Population)"
}, {
    "Year": 1992,
    "Client": "Uraban Population (% of total Population)",
    "Growth": "25.984"
}, {
    "Growth": "73.809",
    "Year": 1993,
    "Client": "Rural Population (% of total Population)"
}, {
    "Year": 1993,
    "Client": "Uraban Population (% of total Population)",
    "Growth": "26.191"
}, {
    "Growth": "73.601",
    "Year": 1994,
    "Client": "Rural Population (% of total Population)"
}, {
    "Year": 1994,
    "Client": "Uraban Population (% of total Population)",
    "Growth": "26.399"
}, {
    "Growth": "73.393",
    "Year": 1995,
    "Client": "Rural Population (% of total Population)"
}, {
    "Year": 1995,
    "Client": "Uraban Population (% of total Population)",
    "Growth": "26.607"
}, {
    "Growth": "73.183",
    "Year": 1996,
    "Client": "Rural Population (% of total Population)"
}, {
    "Year": 1996,
    "Client": "Uraban Population (% of total Population)",
    "Growth": "26.817"
}, {
    "Growth": "72.972",
    "Year": 1997,
    "Client": "Rural Population (% of total Population)"
}, {
    "Year": 1997,
    "Client": "Uraban Population (% of total Population)",
    "Growth": "27.028"
}, {
    "Growth": "72.76",
    "Year": 1998,
    "Client": "Rural Population (% of total Population)"
}, {
    "Year": 1998,
    "Client": "Uraban Population (% of total Population)",
    "Growth": "27.24"
}, {
    "Growth": "72.547",
    "Year": 1999,
    "Client": "Rural Population (% of total Population)"
}, {
    "Year": 1999,
    "Client": "Uraban Population (% of total Population)",
    "Growth": "27.453"
}, {
    "Growth": "72.333",
    "Year": 2000,
    "Client": "Rural Population (% of total Population)"
}, {
    "Year": 2000,
    "Client": "Uraban Population (% of total Population)",
    "Growth": "27.667"
}, {
    "Growth": "72.082",
    "Year": 2001,
    "Client": "Rural Population (% of total Population)"
}, {
    "Year": 2001,
    "Client": "Uraban Population (% of total Population)",
    "Growth": "27.918"
}, {
    "Growth": "71.756",
    "Year": 2002,
    "Client": "Rural Population (% of total Population)"
}, {
    "Year": 2002,
    "Client": "Uraban Population (% of total Population)",
    "Growth": "28.244"
}, {
    "Growth": "71.428",
    "Year": 2003,
    "Client": "Rural Population (% of total Population)"
}, {
    "Year": 2003,
    "Client": "Uraban Population (% of total Population)",
    "Growth": "28.572"
}, {
    "Growth": "71.097",
    "Year": 2004,
    "Client": "Rural Population (% of total Population)"
}, {
    "Year": 2004,
    "Client": "Uraban Population (% of total Population)",
    "Growth": "28.903"
}, {
    "Growth": "70.765",
    "Year": 2005,
    "Client": "Rural Population (% of total Population)"
}, {
    "Year": 2005,
    "Client": "Uraban Population (% of total Population)",
    "Growth": "29.235"
}, {
    "Growth": "70.431",
    "Year": 2006,
    "Client": "Rural Population (% of total Population)"
}, {
    "Year": 2006,
    "Client": "Uraban Population (% of total Population)",
    "Growth": "29.569"
}, {
    "Growth": "70.094",
    "Year": 2007,
    "Client": "Rural Population (% of total Population)"
}, {
    "Year": 2007,
    "Client": "Uraban Population (% of total Population)",
    "Growth": "29.906"
}, {
    "Growth": "69.754",
    "Year": 2008,
    "Client": "Rural Population (% of total Population)"
}, {
    "Year": 2008,
    "Client": "Uraban Population (% of total Population)",
    "Growth": "30.246"
}, {
    "Growth": "69.413",
    "Year": 2009,
    "Client": "Rural Population (% of total Population)"
}, {
    "Year": 2009,
    "Client": "Uraban Population (% of total Population)",
    "Growth": "30.587"
}, {
    "Growth": "69.07",
    "Year": 2010,
    "Client": "Rural Population (% of total Population)"
}, {
    "Year": 2010,
    "Client": "Uraban Population (% of total Population)",
    "Growth": "30.93"
}, {
    "Growth": "68.724",
    "Year": 2011,
    "Client": "Rural Population (% of total Population)"
}, {
    "Year": 2011,
    "Client": "Uraban Population (% of total Population)",
    "Growth": "31.276"
}, {
    "Growth": "68.369",
    "Year": 2012,
    "Client": "Rural Population (% of total Population)"
}, {
    "Year": 2012,
    "Client": "Uraban Population (% of total Population)",
    "Growth": "31.631"
}, {
    "Growth": "68.006",
    "Year": 2013,
    "Client": "Rural Population (% of total Population)"
}, {
    "Year": 2013,
    "Client": "Uraban Population (% of total Population)",
    "Growth": "31.994"
}, {
    "Growth": "67.634",
    "Year": 2014,
    "Client": "Rural Population (% of total Population)"
}, {
    "Year": 2014,
    "Client": "Uraban Population (% of total Population)",
    "Growth": "32.366"
}]